Workbook

Sheet Hypotrachyna Chandragiri Master
A1: Ammonia | B1: Nitrogen | C1: Na | D1: Mg | E1: K | F1: Ca | G1: Mn | H1: Fe | I1: Cu | J1: Zn | K1: Pb | L1: Cd | M1: EC | N1: Chla | O1: Chlb | P1: Chlt | Q1: Chldeg | R1: Chlf | S1: TPC | T1: DPPH | U1: CAT
A2: 54 | B2: 0.778 | C2: 437.713 | D2: 844.153 | E2: 758.104 | F2: 13915.909 | G2: 83.892 | H2: 95.863 | I2: 7.777 | J2: 8.736 | K2: 25.424 | L2: 1.054 | M2: 33.7 | N2: 20.148 | O2: 7.191 | P2: 27.339 | Q2: 0.898 | R2: 0.46 | S2: 117.979 | T2: 54.945 | U2: 0.404
A3: 56.4 | B3: 0.771 | C3: 434.825 | D3: 839.953 | E3: 761.443 | F3: 13364.53 | G3: 82.967 | H3: 95.5 | I3: 5.384 | J3: 14.222 | K3: 3.178 | L3: 0.948 | M3: 33 | N3: 20.12 | O3: 6.998 | P3: 27.118 | Q3: 0.897 | R3: 0.5 | S3: 139.344 | T3: 53.846 | U3: 0.456
A4: 54.8 | B4: 0.757 | C4: 416.854 | D4: 839.74 | E4: 762.228 | F4: 12874.059 | G4: 81.116 | H4: 104.941 | I4: 5.983 | J4: 11.987 | K4: 9.534 | L4: 2.476 | M4: 33.9 | N4: 20.079 | O4: 7.133 | P4: 27.212 | Q4: 0.895 | R4: 0.56 | S4: 144.918 | T4: 53.846 | U4: 0.365
A5: 159.84 | B5: 0.779 | C5: 522.432 | D5: 765.857 | E5: 592.146 | F5: 18015.989 | G5: 92.219 | H5: 106.248 | I5: 8.675 | J5: 12.597 | K5: 15.89 | L5: 1.686 | M5: 54.6 | N5: 22.362 | O5: 10.13 | P5: 32.491 | Q5: 0.947 | R5: 0.502 | S5: 130.675 | T5: 51.098 | U5: 0.378
A6: 159.68 | B6: 0.829 | C6: 506.387 | D6: 773.26 | E6: 588.218 | F6: 17054.281 | G6: 92.836 | H6: 105.667 | I6: 5.683 | J6: 14.628 | K6: 18.008 | L6: 1.633 | M6: 55.2 | N6: 23.467 | O6: 11.21 | P6: 34.677 | Q6: 0.96 | R6: 0.522 | S6: 125.101 | T6: 51.099 | U6: 0.26
A7: 152.92 | B7: 0.821 | C7: 464.669 | D7: 768.491 | E7: 568.774 | F7: 17403.702 | G7: 91.294 | H7: 80.975 | I7: 5.683 | J7: 10.565 | K7: 16.949 | L7: 1.755 | M7: 55 | N7: 24.886 | O7: 8.878 | P7: 33.765 | Q7: 0.938 | R7: 0.52 | S7: 127.269 | T7: 51.373 | U7: 0.247
A8: 49.6 | B8: 0.413 | C8: 569.284 | D8: 696.387 | E8: 735.322 | F8: 13643.425 | G8: 66.312 | H8: 139.8 | I8: 5.683 | J8: 14.628 | K8: 11.653 | L8: 1.265 | M8: 31.3 | N8: 17.841 | O8: 10.673 | P8: 28.514 | Q8: 1.25 | R8: 0.7 | S8: 135.629 | T8: 56.593 | U8: 0.482
A9: 51.6 | B9: 0.406 | C9: 538.798 | D9: 691.405 | E9: 750.444 | F9: 11425.086 | G9: 60.76 | H9: 146.337 | I9: 5.683 | J9: 14.425 | K9: 20.127 | L9: 1.265 | M9: 32 | N9: 17.762 | O9: 10.735 | P9: 28.497 | Q9: 1.246 | R9: 0.72 | S9: 145.227 | T9: 56.868 | U9: 0.315
A10: 53.6 | B10: 0.405 | C10: 564.631 | D10: 668.628 | E10: 766.549 | F10: 11425.086 | G10: 58.909 | H10: 147.063 | I10: 6.581 | J10: 16.863 | K10: 14.831 | L10: 1.95 | M10: 33.3 | N10: 17.778 | O10: 10.59 | P10: 28.368 | Q10: 1.241 | R10: 0.71 | S10: 152.814 | T10: 57.142 | U10: 0.495
A11: 43.8 | B11: 0.535 | C11: 638.599 | D11: 1114.06 | E11: 968.252 | F11: 20740.827 | G11: 81.425 | H11: 140.164 | I11: 9.273 | J11: 10.362 | K11: 30.721 | L11: 2.108 | M11: 58.7 | N11: 19.029 | O11: 6.507 | P11: 25.536 | Q11: 1.038 | R11: 0.73 | S11: 239.358 | T11: 79.67 | U11: 0.835
A12: 44.48 | B12: 0.532 | C12: 539.883 | D12: 1128.509 | E12: 1019.512 | F12: 20423.464 | G12: 45.03 | H12: 124.913 | I12: 8.376 | J12: 21.536 | K12: 50.848 | L12: 1.475 | M12: 62 | N12: 18.966 | O12: 6.423 | P12: 25.389 | Q12: 1.039 | R12: 0.75 | S12: 257.627 | T12: 79.67 | U12: 1.385
A13: 48.8 | B13: 0.537 | C13: 628.651 | D13: 1138.332 | E13: 987.499 | F13: 19365.585 | G13: 50.89 | H13: 102.762 | I13: 8.675 | J13: 19.098 | K13: 41.314 | L13: 1.475 | M13: 60.3 | N13: 18.911 | O13: 6.496 | P13: 25.408 | Q13: 1.039 | R13: 0.74 | S13: 261.962 | T13: 79.945 | U13: 0.835
... A91: 84.6 | B91: 0.925 | C91: 379.469 | D91: 584.282 | E91: 339.576 | F91: 8206.572 | G91: 31.151 | H91: 97.679 | I91: 3.29 | J91: 5.892 | K91: 8.475 | L91: 0.843 | M91: 138.6 | N91: 21.301 | O91: 4.853 | P91: 26.154 | Q91: 0.826 | R91: 0.399 | S91: 88.718 | T91: 69.075 | U91: 0.47

Sheet Log
A1: Ammonia | B1: Nitrogen | C1: Na | D1: Mg | E1: K | F1: Ca | G1: Mn | H1: Fe | I1: Cu | J1: Zn | K1: Pb | L1: Cd | M1: EC | N1: Chl_t | O1: Chl_d | P1: Chl_f | Q1: TPC | R1: DPPH | S1: CAT
A2: =LOG('Hypotrachyna Chandragiri Master'!A2)+2 -> 3.7323938 | B2: =LOG('Hypotrachyna Chandragiri Master'!B2)+2 -> 1.8909796 | C2: =LOG('Hypotrachyna Chandragiri Master'!C2)+2 -> 4.6411894 | D2: =LOG('Hypotrachyna Chandragiri Master'!D2)+2 -> 4.9264212 | E2: =LOG('Hypotrachyna Chandragiri Master'!E2)+2 -> 4.8797288 | F2: =LOG('Hypotrachyna Chandragiri Master'!F2)+2 -> 6.1435116 | G2: =LOG('Hypotrachyna Chandragiri Master'!G2)+2 -> 3.9237205 | H2: =LOG('Hypotrachyna Chandragiri Master'!H2)+2 -> 3.981651 | ... M2: =LOG('Hypotrachyna Chandragiri Master'!M2)+2 -> 3.5276299 | N2: =LOG('Hypotrachyna Chandragiri Master'!P2)+2 -> 3.4367826 | O2: =LOG('Hypotrachyna Chandragiri Master'!Q2)+2 -> 1.9532763 | P2: =LOG('Hypotrachyna Chandragiri Master'!R2)+2 -> 1.6627578 | Q2: =LOG('Hypotrachyna Chandragiri Master'!S2)+2 -> 4.0718047 | R2: =LOG('Hypotrachyna Chandragiri Master'!T2)+2 -> 3.7399282 | S2: =LOG('Hypotrachyna Chandragiri Master'!U2)+2 -> 1.6063814
A3: =LOG('Hypotrachyna Chandragiri Master'!A3)+2 -> 3.7512791 | B3: =LOG('Hypotrachyna Chandragiri Master'!B3)+2 -> 1.8870544 | C3: =LOG('Hypotrachyna Chandragiri Master'!C3)+2 -> 4.6383145 | D3: =LOG('Hypotrachyna Chandragiri Master'!D3)+2 -> 4.924255 | E3: =LOG('Hypotrachyna Chandragiri Master'!E3)+2 -> 4.8816374 | F3: =LOG('Hypotrachyna Chandragiri Master'!F3)+2 -> 6.1259537 | G3: =LOG('Hypotrachyna Chandragiri Master'!G3)+2 -> 3.9189054 | H3: =LOG('Hypotrachyna Chandragiri Master'!H3)+2 -> 3.9800034 | ... M3: =LOG('Hypotrachyna Chandragiri Master'!M3)+2 -> 3.5185139 | N3: =LOG('Hypotrachyna Chandragiri Master'!P3)+2 -> 3.4332577 | O3: =LOG('Hypotrachyna Chandragiri Master'!Q3)+2 -> 1.9527924 | P3: =LOG('Hypotrachyna Chandragiri Master'!R3)+2 -> 1.69897 | Q3: =LOG('Hypotrachyna Chandragiri Master'!S3)+2 -> 4.1440883 | R3: =LOG('Hypotrachyna Chandragiri Master'!T3)+2 -> 3.7311534 | S3: =LOG('Hypotrachyna Chandragiri Master'!U3)+2 -> 1.6589648
A4: =LOG('Hypotrachyna Chandragiri Master'!A4)+2 -> 3.7387806 | B4: =LOG('Hypotrachyna Chandragiri Master'!B4)+2 -> 1.8790959 | C4: =LOG('Hypotrachyna Chandragiri Master'!C4)+2 -> 4.619984 | D4: =LOG('Hypotrachyna Chandragiri Master'!D4)+2 -> 4.9241448 | E4: =LOG('Hypotrachyna Chandragiri Master'!E4)+2 -> 4.8820849 | F4: =LOG('Hypotrachyna Chandragiri Master'!F4)+2 -> 6.1097155 | G4: =LOG('Hypotrachyna Chandragiri Master'!G4)+2 -> 3.9091065 | H4: =LOG('Hypotrachyna Chandragiri Master'!H4)+2 -> 4.0209452 | ... M4: =LOG('Hypotrachyna Chandragiri Master'!M4)+2 -> 3.5301997 | N4: =LOG('Hypotrachyna Chandragiri Master'!P4)+2 -> 3.4347605 | O4: =LOG('Hypotrachyna Chandragiri Master'!Q4)+2 -> 1.951823 | P4: =LOG('Hypotrachyna Chandragiri Master'!R4)+2 -> 1.748188 | Q4: =LOG('Hypotrachyna Chandragiri Master'!S4)+2 -> 4.1611223 | R4: =LOG('Hypotrachyna Chandragiri Master'!T4)+2 -> 3.7311534 | S4: =LOG('Hypotrachyna Chandragiri Master'!U4)+2 -> 1.5622929
A5: =LOG('Hypotrachyna Chandragiri Master'!A5)+2 -> 4.2036855 | B5: =LOG('Hypotrachyna Chandragiri Master'!B5)+2 -> 1.8915375 | C5: =LOG('Hypotrachyna Chandragiri Master'!C5)+2 -> 4.7180298 | D5: =LOG('Hypotrachyna Chandragiri Master'!D5)+2 -> 4.8841477 | E5: =LOG('Hypotrachyna Chandragiri Master'!E5)+2 -> 4.7724288 | F5: =LOG('Hypotrachyna Chandragiri Master'!F5)+2 -> 6.2556581 | G5: =LOG('Hypotrachyna Chandragiri Master'!G5)+2 -> 3.9648204 | H5: =LOG('Hypotrachyna Chandragiri Master'!H5)+2 -> 4.0263208 | ... M5: =LOG('Hypotrachyna Chandragiri Master'!M5)+2 -> 3.7371926 | N5: =LOG('Hypotrachyna Chandragiri Master'!P5)+2 -> 3.5117631 | O5: =LOG('Hypotrachyna Chandragiri Master'!Q5)+2 -> 1.97635 | P5: =LOG('Hypotrachyna Chandragiri Master'!R5)+2 -> 1.7007037 | Q5: =LOG('Hypotrachyna Chandragiri Master'!S5)+2 -> 4.1161925 | R5: =LOG('Hypotrachyna Chandragiri Master'!T5)+2 -> 3.7084039 | S5: =LOG('Hypotrachyna Chandragiri Master'!U5)+2 -> 1.5774918
A6: =LOG('Hypotrachyna Chandragiri Master'!A6)+2 -> 4.2032505 | B6: =LOG('Hypotrachyna Chandragiri Master'!B6)+2 -> 1.9185545 | C6: =LOG('Hypotrachyna Chandragiri Master'!C6)+2 -> 4.7044825 | D6: =LOG('Hypotrachyna Chandragiri Master'!D6)+2 -> 4.8883255 | E6: =LOG('Hypotrachyna Chandragiri Master'!E6)+2 -> 4.7695383 | F6: =LOG('Hypotrachyna Chandragiri Master'!F6)+2 -> 6.2318334 | G6: =LOG('Hypotrachyna Chandragiri Master'!G6)+2 -> 3.9677164 | H6: =LOG('Hypotrachyna Chandragiri Master'!H6)+2 -> 4.0239394 | ... M6: =LOG('Hypotrachyna Chandragiri Master'!M6)+2 -> 3.7419391 | N6: =LOG('Hypotrachyna Chandragiri Master'!P6)+2 -> 3.5400415 | O6: =LOG('Hypotrachyna Chandragiri Master'!Q6)+2 -> 1.9822712 | P6: =LOG('Hypotrachyna Chandragiri Master'!R6)+2 -> 1.7176705 | Q6: =LOG('Hypotrachyna Chandragiri Master'!S6)+2 -> 4.0972608 | R6: =LOG('Hypotrachyna Chandragiri Master'!T6)+2 -> 3.7084124 | S6: =LOG('Hypotrachyna Chandragiri Master'!U6)+2 -> 1.4149733
A7: =LOG('Hypotrachyna Chandragiri Master'!A7)+2 -> 4.1844643 | B7: =LOG('Hypotrachyna Chandragiri Master'!B7)+2 -> 1.9143432 | C7: =LOG('Hypotrachyna Chandragiri Master'!C7)+2 -> 4.6671437 | D7: =LOG('Hypotrachyna Chandragiri Master'!D7)+2 -> 4.8856388 | E7: =LOG('Hypotrachyna Chandragiri Master'!E7)+2 -> 4.7549397 | F7: =LOG('Hypotrachyna Chandragiri Master'!F7)+2 -> 6.2406416 | G7: =LOG('Hypotrachyna Chandragiri Master'!G7)+2 -> 3.9604422 | H7: =LOG('Hypotrachyna Chandragiri Master'!H7)+2 -> 3.908351 | ... M7: =LOG('Hypotrachyna Chandragiri Master'!M7)+2 -> 3.7403627 | N7: =LOG('Hypotrachyna Chandragiri Master'!P7)+2 -> 3.5284668 | O7: =LOG('Hypotrachyna Chandragiri Master'!Q7)+2 -> 1.9722028 | P7: =LOG('Hypotrachyna Chandragiri Master'!R7)+2 -> 1.7160033 | Q7: =LOG('Hypotrachyna Chandragiri Master'!S7)+2 -> 4.1047226 | R7: =LOG('Hypotrachyna Chandragiri Master'!T7)+2 -> 3.7107349 | S7: =LOG('Hypotrachyna Chandragiri Master'!U7)+2 -> 1.392697
A8: =LOG('Hypotrachyna Chandragiri Master'!A8)+2 -> 3.6954817 | B8: =LOG('Hypotrachyna Chandragiri Master'!B8)+2 -> 1.6159501 | C8: =LOG('Hypotrachyna Chandragiri Master'!C8)+2 -> 4.755329 | D8: =LOG('Hypotrachyna Chandragiri Master'!D8)+2 -> 4.8428507 | E8: =LOG('Hypotrachyna Chandragiri Master'!E8)+2 -> 4.8664776 | F8: =LOG('Hypotrachyna Chandragiri Master'!F8)+2 -> 6.1349234 | G8: =LOG('Hypotrachyna Chandragiri Master'!G8)+2 -> 3.8215921 | H8: =LOG('Hypotrachyna Chandragiri Master'!H8)+2 -> 4.1455072 | ... M8: =LOG('Hypotrachyna Chandragiri Master'!M8)+2 -> 3.4955443 | N8: =LOG('Hypotrachyna Chandragiri Master'!P8)+2 -> 3.4550581 | O8: =LOG('Hypotrachyna Chandragiri Master'!Q8)+2 -> 2.09691 | P8: =LOG('Hypotrachyna Chandragiri Master'!R8)+2 -> 1.845098 | Q8: =LOG('Hypotrachyna Chandragiri Master'!S8)+2 -> 4.1323526 | R8: =LOG('Hypotrachyna Chandragiri Master'!T8)+2 -> 3.7527627 | S8: =LOG('Hypotrachyna Chandragiri Master'!U8)+2 -> 1.683047
A9: =LOG('Hypotrachyna Chandragiri Master'!A9)+2 -> 3.7126497 | B9: =LOG('Hypotrachyna Chandragiri Master'!B9)+2 -> 1.608526 | C9: =LOG('Hypotrachyna Chandragiri Master'!C9)+2 -> 4.731426 | D9: =LOG('Hypotrachyna Chandragiri Master'!D9)+2 -> 4.8397325 | E9: =LOG('Hypotrachyna Chandragiri Master'!E9)+2 -> 4.8753183 | F9: =LOG('Hypotrachyna Chandragiri Master'!F9)+2 -> 6.0578595 | G9: =LOG('Hypotrachyna Chandragiri Master'!G9)+2 -> 3.7836178 | H9: =LOG('Hypotrachyna Chandragiri Master'!H9)+2 -> 4.1653541 | ... M9: =LOG('Hypotrachyna Chandragiri Master'!M9)+2 -> 3.50515 | N9: =LOG('Hypotrachyna Chandragiri Master'!P9)+2 -> 3.4547991 | O9: =LOG('Hypotrachyna Chandragiri Master'!Q9)+2 -> 2.095518 | P9: =LOG('Hypotrachyna Chandragiri Master'!R9)+2 -> 1.8573325 | Q9: =LOG('Hypotrachyna Chandragiri Master'!S9)+2 -> 4.1620474 | R9: =LOG('Hypotrachyna Chandragiri Master'!T9)+2 -> 3.754868 | S9: =LOG('Hypotrachyna Chandragiri Master'!U9)+2 -> 1.4983106
A10: =LOG('Hypotrachyna Chandragiri Master'!A10)+2 -> 3.7291648 | B10: =LOG('Hypotrachyna Chandragiri Master'!B10)+2 -> 1.607455 | C10: =LOG('Hypotrachyna Chandragiri Master'!C10)+2 -> 4.7517647 | D10: =LOG('Hypotrachyna Chandragiri Master'!D10)+2 -> 4.8251846 | E10: =LOG('Hypotrachyna Chandragiri Master'!E10)+2 -> 4.8845399 | F10: =LOG('Hypotrachyna Chandragiri Master'!F10)+2 -> 6.0578595 | G10: =LOG('Hypotrachyna Chandragiri Master'!G10)+2 -> 3.7701817 | H10: =LOG('Hypotrachyna Chandragiri Master'!H10)+2 -> 4.1675034 | ... M10: =LOG('Hypotrachyna Chandragiri Master'!M10)+2 -> 3.5224442 | N10: =LOG('Hypotrachyna Chandragiri Master'!P10)+2 -> 3.4528287 | O10: =LOG('Hypotrachyna Chandragiri Master'!Q10)+2 -> 2.0937718 | P10: =LOG('Hypotrachyna Chandragiri Master'!R10)+2 -> 1.8512583 | Q10: =LOG('Hypotrachyna Chandragiri Master'!S10)+2 -> 4.1841631 | R10: =LOG('Hypotrachyna Chandragiri Master'!T10)+2 -> 3.7569554 | S10: =LOG('Hypotrachyna Chandragiri Master'!U10)+2 -> 1.6946052
A11: =LOG('Hypotrachyna Chandragiri Master'!A11)+2 -> 3.6414741 | B11: =LOG('Hypotrachyna Chandragiri Master'!B11)+2 -> 1.7283538 | C11: =LOG('Hypotrachyna Chandragiri Master'!C11)+2 -> 4.8052282 | D11: =LOG('Hypotrachyna Chandragiri Master'!D11)+2 -> 5.0469086 | E11: =LOG('Hypotrachyna Chandragiri Master'!E11)+2 -> 4.9859884 | F11: =LOG('Hypotrachyna Chandragiri Master'!F11)+2 -> 6.3168261 | G11: =LOG('Hypotrachyna Chandragiri Master'!G11)+2 -> 3.9107578 | H11: =LOG('Hypotrachyna Chandragiri Master'!H11)+2 -> 4.1466365 | ... M11: =LOG('Hypotrachyna Chandragiri Master'!M11)+2 -> 3.7686381 | N11: =LOG('Hypotrachyna Chandragiri Master'!P11)+2 -> 3.4071529 | O11: =LOG('Hypotrachyna Chandragiri Master'!Q11)+2 -> 2.0161974 | P11: =LOG('Hypotrachyna Chandragiri Master'!R11)+2 -> 1.8633229 | Q11: =LOG('Hypotrachyna Chandragiri Master'!S11)+2 -> 4.3790479 | R11: =LOG('Hypotrachyna Chandragiri Master'!T11)+2 -> 3.9012948 | S11: =LOG('Hypotrachyna Chandragiri Master'!U11)+2 -> 1.9216865
A12: =LOG('Hypotrachyna Chandragiri Master'!A12)+2 -> 3.6481648 | B12: =LOG('Hypotrachyna Chandragiri Master'!B12)+2 -> 1.7259116 | C12: =LOG('Hypotrachyna Chandragiri Master'!C12)+2 -> 4.7322997 | D12: =LOG('Hypotrachyna Chandragiri Master'!D12)+2 -> 5.052505 | E12: =LOG('Hypotrachyna Chandragiri Master'!E12)+2 -> 5.0083923 | F12: =LOG('Hypotrachyna Chandragiri Master'!F12)+2 -> 6.3101294 | G12: =LOG('Hypotrachyna Chandragiri Master'!G12)+2 -> 3.6535019 | H12: =LOG('Hypotrachyna Chandragiri Master'!H12)+2 -> 4.0966076 | ... M12: =LOG('Hypotrachyna Chandragiri Master'!M12)+2 -> 3.7923917 | N12: =LOG('Hypotrachyna Chandragiri Master'!P12)+2 -> 3.4046456 | O12: =LOG('Hypotrachyna Chandragiri Master'!Q12)+2 -> 2.0166155 | P12: =LOG('Hypotrachyna Chandragiri Master'!R12)+2 -> 1.8750613 | Q12: =LOG('Hypotrachyna Chandragiri Master'!S12)+2 -> 4.4109914 | R12: =LOG('Hypotrachyna Chandragiri Master'!T12)+2 -> 3.9012948 | S12: =LOG('Hypotrachyna Chandragiri Master'!U12)+2 -> 2.1414498
A13: =LOG('Hypotrachyna Chandragiri Master'!A13)+2 -> 3.6884198 | B13: =LOG('Hypotrachyna Chandragiri Master'!B13)+2 -> 1.7299743 | C13: =LOG('Hypotrachyna Chandragiri Master'!C13)+2 -> 4.7984096 | D13: =LOG('Hypotrachyna Chandragiri Master'!D13)+2 -> 5.0562689 | E13: =LOG('Hypotrachyna Chandragiri Master'!E13)+2 -> 4.9945367 | F13: =LOG('Hypotrachyna Chandragiri Master'!F13)+2 -> 6.2870306 | G13: =LOG('Hypotrachyna Chandragiri Master'!G13)+2 -> 3.7066325 | H13: =LOG('Hypotrachyna Chandragiri Master'!H13)+2 -> 4.0118325 | ... M13: =LOG('Hypotrachyna Chandragiri Master'!M13)+2 -> 3.7803173 | N13: =LOG('Hypotrachyna Chandragiri Master'!P13)+2 -> 3.4049705 | O13: =LOG('Hypotrachyna Chandragiri Master'!Q13)+2 -> 2.0166155 | P13: =LOG('Hypotrachyna Chandragiri Master'!R13)+2 -> 1.8692317 | Q13: =LOG('Hypotrachyna Chandragiri Master'!S13)+2 -> 4.4182383 | R13: =LOG('Hypotrachyna Chandragiri Master'!T13)+2 -> 3.9027913 | S13: =LOG('Hypotrachyna Chandragiri Master'!U13)+2 -> 1.9216865
... A91: =LOG('Hypotrachyna Chandragiri Master'!A91)+2 -> 3.9273704 | B91: =LOG('Hypotrachyna Chandragiri Master'!B91)+2 -> 1.9661417 | C91: =LOG('Hypotrachyna Chandragiri Master'!C91)+2 -> 4.5791763 | D91: =LOG('Hypotrachyna Chandragiri Master'!D91)+2 -> 4.7666225 | E91: =LOG('Hypotrachyna Chandragiri Master'!E91)+2 -> 4.530937 | F91: =LOG('Hypotrachyna Chandragiri Master'!F91)+2 -> 5.9141618 | G91: =LOG('Hypotrachyna Chandragiri Master'!G91)+2 -> 3.493472 | H91: =LOG('Hypotrachyna Chandragiri Master'!H91)+2 -> 3.9898012 | ... M91: =LOG('Hypotrachyna Chandragiri Master'!M91)+2 -> 4.1417632 | N91: =LOG('Hypotrachyna Chandragiri Master'!P91)+2 -> 3.4175381 | O91: =LOG('Hypotrachyna Chandragiri Master'!Q91)+2 -> 1.91698 | P91: =LOG('Hypotrachyna Chandragiri Master'!R91)+2 -> 1.6009729 | Q91: =LOG('Hypotrachyna Chandragiri Master'!S91)+2 -> 3.9480117 | R91: =LOG('Hypotrachyna Chandragiri Master'!T91)+2 -> 3.8393209 | S91: =LOG('Hypotrachyna Chandragiri Master'!U91)+2 -> 1.6720979
