Workbook

Sheet Usnea Chandragiri Master File
A1: Ammonia | B1: Nitrogen | C1: Nitrate | D1: Na | E1: Mg | F1: K | G1: Ca | H1: Mn | I1: Fe | J1: Ni | K1: Cu | L1: Zn | M1: Pb | N1: Cd | O1: EC | P1: Chla | Q1: Chlb | R1: Chlt | S1: Chldeg | T1: Chlf | U1: TPC | V1: DPPH | W1: CAT
A2: 63.16 | B2: 0.98 | C2: 58.4 | D2: 416.05 | E2: 278.5 | F2: 51.85 | G2: 3853.24 | H2: 11.1 | I2: 26.51 | J2: 0 | K2: 8.92 | L2: 2.64 | M2: 37.08 | N2: 1.16 | O2: 57.5 | P2: 14.74 | Q2: 8.31 | R2: 23.05 | S2: 1.32 | T2: 0.6 | U2: 163.03 | V2: 50.71 | W2: 0.35
A3: 66 | B3: 0.98 | C3: 66.4 | D3: 398.25 | E3: 286.54 | F3: 51.65 | G3: 3635.25 | H3: 7.71 | I3: 26.87 | K3: 8.9 | L3: 2.84 | M3: 25.42 | N3: 0.74 | O3: 58 | P3: 14.7 | Q3: 8.35 | R3: 23.06 | S3: 1.33 | T3: 0.61 | U3: 172.48 | V3: 50.71 | W3: 0.42
A4: 58.8 | B4: 0.98 | C4: 56.8 | D4: 406.91 | E4: 322.99 | F4: 54.4 | G4: 3795.54 | H4: 9.56 | I4: 16.34 | K4: 8.76 | L4: 1.42 | M4: 20.13 | N4: 1.05 | O4: 58.3 | P4: 14.72 | Q4: 8.42 | R4: 23.13 | S4: 1.33 | T4: 0.67 | U4: 176.5 | V4: 50.43 | W4: 0.35
A5: 50.24 | B5: 0.46 | C5: 48.88 | D5: 463.06 | E5: 225.47 | F5: 212.11 | G5: 15919.47 | H5: 49.97 | I5: 45.39 | K5: 12.56 | L5: 16.05 | M5: 86.87 | N5: 3.95 | O5: 42.2 | P5: 22.44 | Q5: 6.58 | R5: 29.02 | S5: 1.08 | T5: 0.61 | U5: 136.56 | V5: 52.71 | W5: 0.56
A6: 48.96 | B6: 0.47 | C6: 50.48 | D6: 442.21 | E6: 221.2 | F6: 218 | G6: 17714.65 | H6: 50.89 | I6: 56.65 | K6: 11.67 | L6: 15.44 | M6: 86.87 | N6: 3.27 | O6: 43 | P6: 22.3 | Q6: 6.19 | R6: 28.49 | S6: 1.09 | T6: 0.65 | U6: 132.84 | V6: 52.71 | W6: 0.57
A7: 46.12 | B7: 0.47 | C7: 50.2 | D7: 478.95 | E7: 218.28 | F7: 213.88 | G7: 15791.24 | H7: 54.9 | I7: 75.89 | K7: 10.77 | L7: 14.63 | M7: 84.75 | N7: 3.21 | O7: 42.6 | P7: 22.58 | Q7: 6.61 | R7: 29.18 | S7: 1.08 | T7: 0.65 | U7: 133 | V7: 52.99 | W7: 0.47
A8: 53.28 | B8: 0.54 | C8: 48.8 | D8: 506.39 | E8: 800.02 | F8: 589.99 | G8: 16121.43 | H8: 60.45 | I8: 96.23 | K8: 8.67 | L8: 13 | M8: 31.78 | N8: 3.42 | O8: 51.2 | P8: 23.28 | Q8: 8.69 | R8: 31.97 | S8: 1.06 | T8: 0.63 | U8: 98.78 | V8: 60.4 | W8: 0.18
A9: 53.56 | B9: 0.53 | C9: 45.2 | D9: 445.09 | E9: 806.29 | F9: 653.42 | G9: 15653.39 | H9: 60.76 | I9: 99.49 | K9: 7.78 | L9: 12.6 | M9: 60.38 | N9: 2.32 | O9: 52 | P9: 23.28 | Q9: 8.64 | R9: 31.92 | S9: 1.07 | T9: 0.7 | U9: 110.24 | V9: 60.11 | W9: 0.26
A10: 53.56 | B10: 0.55 | C10: 49.2 | D10: 493.71 | E10: 837.6 | F10: 585.86 | G10: 17906.47 | H10: 65.39 | I10: 103.85 | K10: 6.88 | L10: 14.02 | M10: 92.16 | N10: 3.58 | O10: 51.6 | P10: 23.31 | Q10: 8.77 | R10: 32.07 | S10: 1.09 | T10: 0.67 | U10: 104.97 | V10: 59.26 | W10: 0.2
A11: 53.56 | B11: 0.53 | C11: 48 | D11: 304.7 | E11: 751.76 | F11: 354.31 | G11: 8546.37 | H11: 37.63 | I11: 100.58 | K11: 5.68 | L11: 7.11 | M11: 14.83 | N11: 0.21 | O11: 49.1 | P11: 20.99 | Q11: 5.15 | R11: 26.13 | S11: 1.12 | T11: 0.74 | U11: 137.49 | V11: 80.63 | W11: 0.9
A12: 53.6 | B12: 0.53 | C12: 48.8 | D12: 312.4 | E12: 776.11 | F12: 366.48 | G12: 8132.84 | H12: 38.86 | I12: 100.58 | K12: 5.98 | L12: 5.49 | M12: 55.09 | N12: 0.69 | O12: 47 | P12: 20.87 | Q12: 5.21 | R12: 26.07 | S12: 1.12 | T12: 0.69 | U12: 164.43 | V12: 80.91 | W12: 0.85
A13: 53.6 | B13: 0.53 | C13: 50.4 | D13: 348.02 | E13: 769.2 | F13: 362.36 | G13: 8386.09 | H13: 36.39 | I13: 106.76 | K13: 3.89 | L13: 5.89 | M13: 70.98 | N13: 1.32 | O13: 49.3 | P13: 20.98 | Q13: 4.96 | R13: 25.95 | S13: 1.12 | T13: 0.73 | U13: 152.04 | V13: 80.34 | W13: 0.9
A14: 40.08 | B14: 0.36 | C14: 40.92 | D14: 329.09 | E14: 766.43 | F14: 434.04 | G14: 11518.05 | H14: 78.96 | I14: 78.43 | K14: 7.18 | L14: 16.66 | M14: 68.86 | N14: 2.95 | O14: 45 | P14: 18.58 | Q14: 3.45 | R14: 22.03 | S14: 0.92 | T14: 0.72 | U14: 147.86 | V14: 71.23 | W14: 0.29
... A41: 48.64 | B41: 0.511 | C41: 48.4 | D41: 257.6859 | E41: 763.0099 | F41: 83.47 | G41: 1824.0387 | H41: 23.4404 | I41: 68.6293 | K41: 2.393 | L41: 6.5014 | M41: 25.4241 | N41: 1.3699 | O41: 31.3 | P41: 34.287 | Q41: 4.15 | R41: 38.437 | S41: 1.21 | T41: 0.709 | U41: 136.56 | V41: 71.0914 | W41: 0.1559
A42: 50.64 | B42: 0.499 | C42: 49.04 | D42: 273.0893 | E42: 678.1658 | F42: 78.7564 | G42: 1673.3712 | H42: 30.2257 | I42: 35.5856 | K42: 2.0939 | L42: 7.9236 | M42: 27.5427 | N42: 1.528 | O42: 30.8 | P42: 34.505 | Q42: 5.785 | R42: 40.29 | S42: 1.202 | T42: #NULL! | U42: 132.84 | V42: 72.8614 | W42: 0.2082
A43: 50.68 | B43: 0.521 | C43: 49.04 | D43: 270.843 | E43: 679.6046 | F43: 96.0396 | G43: 1824.0387 | H43: 29.6089 | I43: 33.4069 | K43: 2.393 | L43: 6.9078 | M43: 21.1867 | N43: 1.6861 | O43: 30.6 | P43: 33.942 | Q43: 5.927 | R43: 39.868 | S43: 1.31 | T43: 0.698 | U43: 135.63 | V43: 72.8614 | W43: 0.1689
A44: 54.24 | B44: 0.461 | C44: 52 | D44: 316.4113 | E44: 721.0861 | F44: 110.1804 | G44: 2638.2845 | H44: 30.2257 | I44: 26.1445 | K44: 2.9913 | L44: 1.8285 | M44: 27.5427 | N44: 0.7904 | O44: 30.9 | P44: 33.52 | Q44: 3.842 | R44: 37.363 | S44: 1.073 | T44: 0.71 | U44: 177.74 | V44: 78.7611 | W44: 0.2082
A45: 54.08 | B45: 0.475 | C45: 51.84 | D45: 289.1345 | E45: 627.8429 | F45: 110.1804 | G45: 2631.8731 | H45: 28.0668 | I45: 25.7814 | K45: 2.9913 | L45: 1.8285 | M45: 21.1867 | N45: 0.843 | O45: 32 | P45: 32.457 | Q45: 6.663 | R45: 39.119 | S45: 1.067 | T45: 0.709 | U45: 174.64 | V45: 77.5811 | W45: 0.3389
A46: 52.04 | B46: 0.479 | C46: 51.6 | D46: 287.0486 | E46: 656.8835 | F46: 121.768 | G46: 2647.9016 | H46: 32.6932 | I46: 26.1445 | K46: 2.9314 | L46: 2.0317 | M46: 22.2461 | N46: 0.7377 | O46: 31.6 | P46: 32.822 | Q46: 6.573 | R46: 39.396 | S46: 1.074 | T46: 0.7 | U46: 175.57 | V46: 76.6962 | W46: 0.3651
A47: 213.2 | B47: 0.799 | C47: 92 | D47: 484.886 | E47: 339.786 | F47: 58.92 | G47: 4981.645 | H47: 5.243 | I47: 30.502 | J47: 6.041 | K47: 4.487 | L47: 5.689 | M47: 30.721 | N47: 1.37 | O47: 156 | P47: 4.135 | Q47: 0.702 | R47: 4.838 | S47: 0.93 | T47: 0.072 | U47: 165.045 | V47: 29.487 | W47: 1.581
A48: 218 | B48: 0.799 | C48: 96.8 | D48: 474.777 | E48: 335.23 | F48: 57.938 | G48: 4936.766 | H48: 5.243 | I48: 33.407 | J48: 1.725 | K48: 3.889 | L48: 5.689 | M48: 26.483 | N48: 0.896 | O48: 154.5 | P48: 4.038 | Q48: 0.521 | R48: 4.559 | S48: 0.936 | T48: 0.078 | U48: 190.59 | V48: 30.128 | W48: 1.647
A49: 222.8 | B49: 0.743 | C49: 96 | D49: 466.755 | E49: 331.529 | F49: 52.635 | G49: 5129.107 | H49: 4.626 | I49: 32.318 | J49: 1.725 | K49: 2.991 | L49: 5.689 | M49: 13.771 | N49: 1.37 | O49: 157 | P49: 4.375 | Q49: 1.501 | R49: 5.876 | S49: 0.978 | T49: 0.006 | U49: 182.849 | V49: 30.128 | W49: 1.542
A50: 201.04 | B50: 1.429 | C50: 126.4 | D50: 401.932 | E50: 685.711 | F50: 246.482 | G50: 17701.831 | H50: 30.226 | I50: 142.342 | J50: 10.363 | K50: 6.282 | L50: 11.987 | M50: 31.78 | N50: 1.844 | O50: 162 | P50: 4.045 | Q50: 0.885 | R50: 4.93 | S50: 0.646 | T50: 0.102 | U50: 105.594 | V50: 22.436 | W50: 1.529
A51: 206 | B51: 1.446 | C51: 124.8 | D51: 431.937 | E51: 690.835 | F51: 255.124 | G51: 19314.294 | H51: 29.609 | I51: 164.129 | J51: 10.363 | K51: 6.282 | L51: 10.565 | M51: 41.314 | N51: 2.055 | O51: 162 | P51: 3.948 | Q51: 0.704 | R51: 4.651 | S51: 0.868 | T51: 0.106 | U51: 104.665 | V51: 22.436 | W51: 1.607
A52: 206.4 | B52: 1.465 | C52: 123.96 | D52: 425.519 | E52: 690.195 | F52: 268.086 | G52: 18993.725 | H52: 28.375 | I52: 154.688 | J52: 9.498 | K52: 5.983 | L52: 10.362 | M52: 30.721 | N52: 1.528 | O52: 162.6 | P52: 3.707 | Q52: 1.832 | R52: 5.539 | S52: 0.836 | T52: 0.105 | U52: 100.33 | V52: 22.115 | W52: 1.633
A53: 199.2 | B53: 1.051 | C53: 92.4 | D53: 509.917 | E53: 728.346 | F53: 394.175 | G53: 10892.941 | H53: 12.954 | I53: 66.813 | J53: 18.16 | K53: 0.299 | L53: 8.533 | M53: 34.958 | N53: 1.107 | O53: 181.1 | P53: 5.164 | Q53: 0.238 | R53: 5.403 | S53: 0.769 | T53: 0.028 | U53: 82.371 | V53: 9.295 | W53: 2.091
A54: 205.2 | B54: 1.009 | C54: 93.2 | D54: 492.427 | E54: 734.041 | F54: 371.785 | G54: 10684.571 | H54: 13.879 | I54: 62.819 | J54: 3.45 | K54: 0.598 | L54: 9.955 | M54: 33.899 | N54: 2.213 | O54: 180 | P54: 5.605 | Q54: 0.043 | R54: 5.648 | S54: 0.805 | T54: 0.021 | U54: 93.672 | V54: 11.218 | W54: 2.039
A55: 194 | B55: 1.079 | C55: 96.8 | D55: 490.341 | E55: 736.603 | F55: 361.769 | G55: 10569.167 | H55: 12.646 | I55: 63.182 | J55: 2.587 | K55: 2.094 | L55: 9.549 | M55: 18.009 | N55: 1.423 | O55: 183 | P55: 6.111 | Q55: 0.182 | R55: 6.293 | S55: 0.741 | T55: 0.056 | U55: 94.911 | V55: 13.462 | W55: 2.052
A56: 238.8 | B56: 1.303 | C56: 132.8 | D56: 358.45 | E56: 974.978 | F56: 750.837 | G56: 23978.576 | H56: 38.553 | I56: 93.684 | J56: 8.634 | K56: 3.59 | L56: 22.958 | M56: 1.059 | N56: 1.054 | O56: 176.6 | P56: 15.741 | Q56: 4.123 | R56: 19.864 | S56: 0.918 | T56: 0.011 | U56: 82.525 | V56: 23.684 | W56: 2.052
A57: 230 | B57: 1.261 | C57: 134 | D57: 320.744 | E57: 956.685 | F57: 731.59 | G57: 24305.557 | H57: 43.488 | I57: 90.416 | J57: 11.229 | K57: 3.59 | L57: 21.536 | M57: 2.119 | N57: 0.632 | O57: 179 | P57: 15.582 | Q57: 4.248 | R57: 19.83 | S57: 0.914 | T57: 0.02 | U57: 73.391 | V57: 23.684 | W57: 2.209
A58: 246 | B58: 1.289 | C58: 133.2 | D58: 342.405 | E58: 968.074 | F58: 741.41 | G58: 24485.076 | H58: 41.638 | I58: 91.869 | J58: 12.094 | K58: 2.991 | L58: 22.146 | M58: 1.059 | N58: 0.632 | O58: 175.9 | P58: 15.035 | Q58: 4.313 | R58: 19.348 | S58: 0.881 | T58: 0.032 | U58: 71.998 | V58: 23.976 | W58: 2.34
... A91: 87.44 | B91: 0.758 | C91: 87.88 | D91: 320.744 | E91: 531.681 | F91: 258.626 | G91: 6446.647 | H91: 19.122 | I91: 42.485 | J91: 6.905 | K91: 3.889 | L91: 6.908 | M91: 5.297 | N91: 0.422 | O91: 128 | P91: 21.231 | Q91: 9.108 | R91: 30.339 | S91: 0.951 | T91: 0.444 | U91: 75.559 | V91: 51.863 | W91: 0.836

Sheet Log
A1: Ammonia | B1: Nitrogen | C1: Nitrate | D1: Na | E1: Mg | F1: K | G1: Ca | H1: Mn | I1: Fe | J1: Ni | K1: Cu | L1: Zn | M1: Pb | N1: Cd | O1: EC | P1: Chl_t | Q1: Chl_d | R1: Chl_f | S1: TPC | T1: DPPH | U1: CAT
A2: =LOG('Usnea Chandragiri Master File'!A2)+2 -> 3.8004421 | B2: =LOG('Usnea Chandragiri Master File'!B2)+2 -> 1.9912261 | C2: =LOG('Usnea Chandragiri Master File'!C2)+2 -> 3.7664128 | D2: =LOG('Usnea Chandragiri Master File'!D2)+2 -> 4.6191455 | E2: =LOG('Usnea Chandragiri Master File'!E2)+2 -> 4.4448252 | F2: =LOG('Usnea Chandragiri Master File'!F2)+2 -> 3.7147488 | G2: =LOG('Usnea Chandragiri Master File'!G2)+2 -> 5.5858261 | H2: =LOG('Usnea Chandragiri Master File'!H2)+2 -> 3.045323 | I2: =LOG('Usnea Chandragiri Master File'!I2)+2 -> 3.4234097 | J2: 0 | K2: =LOG('Usnea Chandragiri Master File'!K2)+2 -> 2.9503649 | L2: =LOG('Usnea Chandragiri Master File'!L2)+2 -> 2.4216039 | M2: =LOG('Usnea Chandragiri Master File'!M2)+2 -> 3.5691397 | N2: =LOG('Usnea Chandragiri Master File'!N2)+2 -> 2.064458 | O2: =LOG('Usnea Chandragiri Master File'!O2)+2 -> 3.7596678 | P2: =LOG('Usnea Chandragiri Master File'!R2)+2 -> 3.3626709 | Q2: =LOG('Usnea Chandragiri Master File'!S2)+2 -> 2.1205739 | R2: =LOG('Usnea Chandragiri Master File'!T2)+2 -> 1.7781513 | S2: =LOG('Usnea Chandragiri Master File'!U2)+2 -> 4.2122675 | T2: =LOG('Usnea Chandragiri Master File'!V2)+2 -> 3.7050936 | U2: =LOG('Usnea Chandragiri Master File'!W2)+2 -> 1.544068
A3: =LOG('Usnea Chandragiri Master File'!A3)+2 -> 3.8195439 | B3: =LOG('Usnea Chandragiri Master File'!B3)+2 -> 1.9912261 | C3: =LOG('Usnea Chandragiri Master File'!C3)+2 -> 3.8221681 | D3: =LOG('Usnea Chandragiri Master File'!D3)+2 -> 4.6001558 | E3: =LOG('Usnea Chandragiri Master File'!E3)+2 -> 4.4571853 | F3: =LOG('Usnea Chandragiri Master File'!F3)+2 -> 3.7130703 | G3: =LOG('Usnea Chandragiri Master File'!G3)+2 -> 5.5605343 | H3: =LOG('Usnea Chandragiri Master File'!H3)+2 -> 2.8870544 | I3: =LOG('Usnea Chandragiri Master File'!I3)+2 -> 3.4292677 | J3: 0 | K3: =LOG('Usnea Chandragiri Master File'!K3)+2 -> 2.94939 | L3: =LOG('Usnea Chandragiri Master File'!L3)+2 -> 2.4533183 | M3: =LOG('Usnea Chandragiri Master File'!M3)+2 -> 3.4051755 | N3: =LOG('Usnea Chandragiri Master File'!N3)+2 -> 1.8692317 | O3: =LOG('Usnea Chandragiri Master File'!O3)+2 -> 3.763428 | P3: =LOG('Usnea Chandragiri Master File'!R3)+2 -> 3.3628593 | Q3: =LOG('Usnea Chandragiri Master File'!S3)+2 -> 2.1238516 | R3: =LOG('Usnea Chandragiri Master File'!T3)+2 -> 1.7853298 | S3: =LOG('Usnea Chandragiri Master File'!U3)+2 -> 4.2367387 | T3: =LOG('Usnea Chandragiri Master File'!V3)+2 -> 3.7050936 | U3: =LOG('Usnea Chandragiri Master File'!W3)+2 -> 1.6232493
A4: =LOG('Usnea Chandragiri Master File'!A4)+2 -> 3.7693773 | B4: =LOG('Usnea Chandragiri Master File'!B4)+2 -> 1.9912261 | C4: =LOG('Usnea Chandragiri Master File'!C4)+2 -> 3.7543483 | D4: =LOG('Usnea Chandragiri Master File'!D4)+2 -> 4.6094984 | E4: =LOG('Usnea Chandragiri Master File'!E4)+2 -> 4.5091891 | F4: =LOG('Usnea Chandragiri Master File'!F4)+2 -> 3.7355989 | G4: =LOG('Usnea Chandragiri Master File'!G4)+2 -> 5.5792736 | H4: =LOG('Usnea Chandragiri Master File'!H4)+2 -> 2.9804579 | I4: =LOG('Usnea Chandragiri Master File'!I4)+2 -> 3.2132521 | J4: 0 | K4: =LOG('Usnea Chandragiri Master File'!K4)+2 -> 2.9425041 | L4: =LOG('Usnea Chandragiri Master File'!L4)+2 -> 2.1522883 | M4: =LOG('Usnea Chandragiri Master File'!M4)+2 -> 3.3038438 | N4: =LOG('Usnea Chandragiri Master File'!N4)+2 -> 2.0211893 | O4: =LOG('Usnea Chandragiri Master File'!O4)+2 -> 3.7656686 | P4: =LOG('Usnea Chandragiri Master File'!R4)+2 -> 3.3641756 | Q4: =LOG('Usnea Chandragiri Master File'!S4)+2 -> 2.1238516 | R4: =LOG('Usnea Chandragiri Master File'!T4)+2 -> 1.8260748 | S4: =LOG('Usnea Chandragiri Master File'!U4)+2 -> 4.2467447 | T4: =LOG('Usnea Chandragiri Master File'!V4)+2 -> 3.702689 | U4: =LOG('Usnea Chandragiri Master File'!W4)+2 -> 1.544068
A5: =LOG('Usnea Chandragiri Master File'!A5)+2 -> 3.7010496 | B5: =LOG('Usnea Chandragiri Master File'!B5)+2 -> 1.6627578 | C5: =LOG('Usnea Chandragiri Master File'!C5)+2 -> 3.6891312 | D5: =LOG('Usnea Chandragiri Master File'!D5)+2 -> 4.6656373 | E5: =LOG('Usnea Chandragiri Master File'!E5)+2 -> 4.3530888 | F5: =LOG('Usnea Chandragiri Master File'!F5)+2 -> 4.3265611 | G5: =LOG('Usnea Chandragiri Master File'!G5)+2 -> 6.2019286 | H5: =LOG('Usnea Chandragiri Master File'!H5)+2 -> 3.6987093 | I5: =LOG('Usnea Chandragiri Master File'!I5)+2 -> 3.6569602 | J5: 0 | K5: =LOG('Usnea Chandragiri Master File'!K5)+2 -> 3.0989896 | L5: =LOG('Usnea Chandragiri Master File'!L5)+2 -> 3.205475 | M5: =LOG('Usnea Chandragiri Master File'!M5)+2 -> 3.9388698 | N5: =LOG('Usnea Chandragiri Master File'!N5)+2 -> 2.5965971 | O5: =LOG('Usnea Chandragiri Master File'!O5)+2 -> 3.6253125 | P5: =LOG('Usnea Chandragiri Master File'!R5)+2 -> 3.4626974 | Q5: =LOG('Usnea Chandragiri Master File'!S5)+2 -> 2.0334238 | R5: =LOG('Usnea Chandragiri Master File'!T5)+2 -> 1.7853298 | S5: =LOG('Usnea Chandragiri Master File'!U5)+2 -> 4.1353235 | T5: =LOG('Usnea Chandragiri Master File'!V5)+2 -> 3.721893 | U5: =LOG('Usnea Chandragiri Master File'!W5)+2 -> 1.748188
A6: =LOG('Usnea Chandragiri Master File'!A6)+2 -> 3.6898414 | B6: =LOG('Usnea Chandragiri Master File'!B6)+2 -> 1.6720979 | C6: =LOG('Usnea Chandragiri Master File'!C6)+2 -> 3.7031193 | D6: =LOG('Usnea Chandragiri Master File'!D6)+2 -> 4.6456286 | E6: =LOG('Usnea Chandragiri Master File'!E6)+2 -> 4.3447851 | F6: =LOG('Usnea Chandragiri Master File'!F6)+2 -> 4.3384565 | G6: =LOG('Usnea Chandragiri Master File'!G6)+2 -> 6.2483326 | H6: =LOG('Usnea Chandragiri Master File'!H6)+2 -> 3.7066325 | I6: =LOG('Usnea Chandragiri Master File'!I6)+2 -> 3.7531999 | J6: 0 | K6: =LOG('Usnea Chandragiri Master File'!K6)+2 -> 3.0670709 | L6: =LOG('Usnea Chandragiri Master File'!L6)+2 -> 3.1886473 | M6: =LOG('Usnea Chandragiri Master File'!M6)+2 -> 3.9388698 | N6: =LOG('Usnea Chandragiri Master File'!N6)+2 -> 2.5145478 | O6: =LOG('Usnea Chandragiri Master File'!O6)+2 -> 3.6334685 | P6: =LOG('Usnea Chandragiri Master File'!R6)+2 -> 3.4546924 | Q6: =LOG('Usnea Chandragiri Master File'!S6)+2 -> 2.0374265 | R6: =LOG('Usnea Chandragiri Master File'!T6)+2 -> 1.8129134 | S6: =LOG('Usnea Chandragiri Master File'!U6)+2 -> 4.1233289 | T6: =LOG('Usnea Chandragiri Master File'!V6)+2 -> 3.721893 | U6: =LOG('Usnea Chandragiri Master File'!W6)+2 -> 1.7558749
A7: =LOG('Usnea Chandragiri Master File'!A7)+2 -> 3.6638893 | B7: =LOG('Usnea Chandragiri Master File'!B7)+2 -> 1.6720979 | C7: =LOG('Usnea Chandragiri Master File'!C7)+2 -> 3.7007037 | D7: =LOG('Usnea Chandragiri Master File'!D7)+2 -> 4.6802902 | E7: =LOG('Usnea Chandragiri Master File'!E7)+2 -> 4.3390139 | F7: =LOG('Usnea Chandragiri Master File'!F7)+2 -> 4.3301702 | G7: =LOG('Usnea Chandragiri Master File'!G7)+2 -> 6.1984162 | H7: =LOG('Usnea Chandragiri Master File'!H7)+2 -> 3.7395723 | I7: =LOG('Usnea Chandragiri Master File'!I7)+2 -> 3.8801846 | J7: 0 | K7: =LOG('Usnea Chandragiri Master File'!K7)+2 -> 3.0322157 | L7: =LOG('Usnea Chandragiri Master File'!L7)+2 -> 3.1652443 | M7: =LOG('Usnea Chandragiri Master File'!M7)+2 -> 3.9281397 | N7: =LOG('Usnea Chandragiri Master File'!N7)+2 -> 2.506505 | O7: =LOG('Usnea Chandragiri Master File'!O7)+2 -> 3.6294096 | P7: =LOG('Usnea Chandragiri Master File'!R7)+2 -> 3.4650853 | Q7: =LOG('Usnea Chandragiri Master File'!S7)+2 -> 2.0334238 | R7: =LOG('Usnea Chandragiri Master File'!T7)+2 -> 1.8129134 | S7: =LOG('Usnea Chandragiri Master File'!U7)+2 -> 4.1238516 | T7: =LOG('Usnea Chandragiri Master File'!V7)+2 -> 3.7241939 | U7: =LOG('Usnea Chandragiri Master File'!W7)+2 -> 1.6720979
A8: =LOG('Usnea Chandragiri Master File'!A8)+2 -> 3.7265642 | B8: =LOG('Usnea Chandragiri Master File'!B8)+2 -> 1.7323938 | C8: =LOG('Usnea Chandragiri Master File'!C8)+2 -> 3.6884198 | D8: =LOG('Usnea Chandragiri Master File'!D8)+2 -> 4.7044851 | E8: =LOG('Usnea Chandragiri Master File'!E8)+2 -> 4.9031008 | F8: =LOG('Usnea Chandragiri Master File'!F8)+2 -> 4.7708447 | G8: =LOG('Usnea Chandragiri Master File'!G8)+2 -> 6.2074036 | H8: =LOG('Usnea Chandragiri Master File'!H8)+2 -> 3.7813963 | I8: =LOG('Usnea Chandragiri Master File'!I8)+2 -> 3.9833105 | J8: 0 | K8: =LOG('Usnea Chandragiri Master File'!K8)+2 -> 2.9380191 | L8: =LOG('Usnea Chandragiri Master File'!L8)+2 -> 3.1139434 | M8: =LOG('Usnea Chandragiri Master File'!M8)+2 -> 3.5021539 | N8: =LOG('Usnea Chandragiri Master File'!N8)+2 -> 2.5340261 | O8: =LOG('Usnea Chandragiri Master File'!O8)+2 -> 3.70927 | P8: =LOG('Usnea Chandragiri Master File'!R8)+2 -> 3.5047426 | Q8: =LOG('Usnea Chandragiri Master File'!S8)+2 -> 2.0253059 | R8: =LOG('Usnea Chandragiri Master File'!T8)+2 -> 1.7993405 | S8: =LOG('Usnea Chandragiri Master File'!U8)+2 -> 3.994669 | T8: =LOG('Usnea Chandragiri Master File'!V8)+2 -> 3.7810369 | U8: =LOG('Usnea Chandragiri Master File'!W8)+2 -> 1.2552725
A9: =LOG('Usnea Chandragiri Master File'!A9)+2 -> 3.7288406 | B9: =LOG('Usnea Chandragiri Master File'!B9)+2 -> 1.7242759 | C9: =LOG('Usnea Chandragiri Master File'!C9)+2 -> 3.6551384 | D9: =LOG('Usnea Chandragiri Master File'!D9)+2 -> 4.6484478 | E9: =LOG('Usnea Chandragiri Master File'!E9)+2 -> 4.9064913 | F9: =LOG('Usnea Chandragiri Master File'!F9)+2 -> 4.8151924 | G9: =LOG('Usnea Chandragiri Master File'!G9)+2 -> 6.1946084 | H9: =LOG('Usnea Chandragiri Master File'!H9)+2 -> 3.7836178 | I9: =LOG('Usnea Chandragiri Master File'!I9)+2 -> 3.9977794 | J9: 0 | K9: =LOG('Usnea Chandragiri Master File'!K9)+2 -> 2.8909796 | L9: =LOG('Usnea Chandragiri Master File'!L9)+2 -> 3.1003705 | M9: =LOG('Usnea Chandragiri Master File'!M9)+2 -> 3.7808931 | N9: =LOG('Usnea Chandragiri Master File'!N9)+2 -> 2.365488 | O9: =LOG('Usnea Chandragiri Master File'!O9)+2 -> 3.7160033 | P9: =LOG('Usnea Chandragiri Master File'!R9)+2 -> 3.5040629 | Q9: =LOG('Usnea Chandragiri Master File'!S9)+2 -> 2.0293838 | R9: =LOG('Usnea Chandragiri Master File'!T9)+2 -> 1.845098 | S9: =LOG('Usnea Chandragiri Master File'!U9)+2 -> 4.0423392 | T9: =LOG('Usnea Chandragiri Master File'!V9)+2 -> 3.7789467 | U9: =LOG('Usnea Chandragiri Master File'!W9)+2 -> 1.4149733
A10: =LOG('Usnea Chandragiri Master File'!A10)+2 -> 3.7288406 | B10: =LOG('Usnea Chandragiri Master File'!B10)+2 -> 1.7403627 | C10: =LOG('Usnea Chandragiri Master File'!C10)+2 -> 3.6919651 | D10: =LOG('Usnea Chandragiri Master File'!D10)+2 -> 4.6934719 | E10: =LOG('Usnea Chandragiri Master File'!E10)+2 -> 4.9230367 | F10: =LOG('Usnea Chandragiri Master File'!F10)+2 -> 4.7677938 | G10: =LOG('Usnea Chandragiri Master File'!G10)+2 -> 6.25301 | H10: =LOG('Usnea Chandragiri Master File'!H10)+2 -> 3.8155113 | I10: =LOG('Usnea Chandragiri Master File'!I10)+2 -> 4.0164065 | J10: 0 | K10: =LOG('Usnea Chandragiri Master File'!K10)+2 -> 2.8375884 | L10: =LOG('Usnea Chandragiri Master File'!L10)+2 -> 3.146748 | M10: =LOG('Usnea Chandragiri Master File'!M10)+2 -> 3.9645425 | N10: =LOG('Usnea Chandragiri Master File'!N10)+2 -> 2.553883 | O10: =LOG('Usnea Chandragiri Master File'!O10)+2 -> 3.7126497 | P10: =LOG('Usnea Chandragiri Master File'!R10)+2 -> 3.506099 | Q10: =LOG('Usnea Chandragiri Master File'!S10)+2 -> 2.0374265 | R10: =LOG('Usnea Chandragiri Master File'!T10)+2 -> 1.8260748 | S10: =LOG('Usnea Chandragiri Master File'!U10)+2 -> 4.0210652 | T10: =LOG('Usnea Chandragiri Master File'!V10)+2 -> 3.7727616 | U10: =LOG('Usnea Chandragiri Master File'!W10)+2 -> 1.30103
A11: =LOG('Usnea Chandragiri Master File'!A11)+2 -> 3.7288406 | B11: =LOG('Usnea Chandragiri Master File'!B11)+2 -> 1.7242759 | C11: =LOG('Usnea Chandragiri Master File'!C11)+2 -> 3.6812412 | D11: =LOG('Usnea Chandragiri Master File'!D11)+2 -> 4.4838725 | E11: =LOG('Usnea Chandragiri Master File'!E11)+2 -> 4.8760792 | F11: =LOG('Usnea Chandragiri Master File'!F11)+2 -> 4.5493834 | G11: =LOG('Usnea Chandragiri Master File'!G11)+2 -> 5.9317817 | H11: =LOG('Usnea Chandragiri Master File'!H11)+2 -> 3.5755342 | I11: =LOG('Usnea Chandragiri Master File'!I11)+2 -> 4.0025116 | J11: 0 | K11: =LOG('Usnea Chandragiri Master File'!K11)+2 -> 2.7543483 | L11: =LOG('Usnea Chandragiri Master File'!L11)+2 -> 2.8518696 | M11: =LOG('Usnea Chandragiri Master File'!M11)+2 -> 3.1711412 | N11: =LOG('Usnea Chandragiri Master File'!N11)+2 -> 1.3222193 | O11: =LOG('Usnea Chandragiri Master File'!O11)+2 -> 3.6910815 | P11: =LOG('Usnea Chandragiri Master File'!R11)+2 -> 3.4171394 | Q11: =LOG('Usnea Chandragiri Master File'!S11)+2 -> 2.049218 | R11: =LOG('Usnea Chandragiri Master File'!T11)+2 -> 1.8692317 | S11: =LOG('Usnea Chandragiri Master File'!U11)+2 -> 4.1382711 | T11: =LOG('Usnea Chandragiri Master File'!V11)+2 -> 3.9064967 | U11: =LOG('Usnea Chandragiri Master File'!W11)+2 -> 1.9542425
A12: =LOG('Usnea Chandragiri Master File'!A12)+2 -> 3.7291648 | B12: =LOG('Usnea Chandragiri Master File'!B12)+2 -> 1.7242759 | C12: =LOG('Usnea Chandragiri Master File'!C12)+2 -> 3.6884198 | D12: =LOG('Usnea Chandragiri Master File'!D12)+2 -> 4.494711 | E12: =LOG('Usnea Chandragiri Master File'!E12)+2 -> 4.8899233 | F12: =LOG('Usnea Chandragiri Master File'!F12)+2 -> 4.5640503 | G12: =LOG('Usnea Chandragiri Master File'!G12)+2 -> 5.9102422 | H12: =LOG('Usnea Chandragiri Master File'!H12)+2 -> 3.5895028 | I12: =LOG('Usnea Chandragiri Master File'!I12)+2 -> 4.0025116 | J12: 0 | K12: =LOG('Usnea Chandragiri Master File'!K12)+2 -> 2.7767012 | L12: =LOG('Usnea Chandragiri Master File'!L12)+2 -> 2.7395723 | M12: =LOG('Usnea Chandragiri Master File'!M12)+2 -> 3.7410728 | N12: =LOG('Usnea Chandragiri Master File'!N12)+2 -> 1.8388491 | O12: =LOG('Usnea Chandragiri Master File'!O12)+2 -> 3.6720979 | P12: =LOG('Usnea Chandragiri Master File'!R12)+2 -> 3.416141 | Q12: =LOG('Usnea Chandragiri Master File'!S12)+2 -> 2.049218 | R12: =LOG('Usnea Chandragiri Master File'!T12)+2 -> 1.8388491 | S12: =LOG('Usnea Chandragiri Master File'!U12)+2 -> 4.2159811 | T12: =LOG('Usnea Chandragiri Master File'!V12)+2 -> 3.9080022 | U12: =LOG('Usnea Chandragiri Master File'!W12)+2 -> 1.9294189
A13: =LOG('Usnea Chandragiri Master File'!A13)+2 -> 3.7291648 | B13: =LOG('Usnea Chandragiri Master File'!B13)+2 -> 1.7242759 | C13: =LOG('Usnea Chandragiri Master File'!C13)+2 -> 3.7024305 | D13: =LOG('Usnea Chandragiri Master File'!D13)+2 -> 4.5416042 | E13: =LOG('Usnea Chandragiri Master File'!E13)+2 -> 4.8860393 | F13: =LOG('Usnea Chandragiri Master File'!F13)+2 -> 4.5591403 | G13: =LOG('Usnea Chandragiri Master File'!G13)+2 -> 5.9235595 | H13: =LOG('Usnea Chandragiri Master File'!H13)+2 -> 3.5609821 | I13: =LOG('Usnea Chandragiri Master File'!I13)+2 -> 4.0284086 | J13: 0 | K13: =LOG('Usnea Chandragiri Master File'!K13)+2 -> 2.5899496 | L13: =LOG('Usnea Chandragiri Master File'!L13)+2 -> 2.7701153 | M13: =LOG('Usnea Chandragiri Master File'!M13)+2 -> 3.851136 | N13: =LOG('Usnea Chandragiri Master File'!N13)+2 -> 2.1205739 | O13: =LOG('Usnea Chandragiri Master File'!O13)+2 -> 3.6928469 | P13: =LOG('Usnea Chandragiri Master File'!R13)+2 -> 3.4141374 | Q13: =LOG('Usnea Chandragiri Master File'!S13)+2 -> 2.049218 | R13: =LOG('Usnea Chandragiri Master File'!T13)+2 -> 1.8633229 | S13: =LOG('Usnea Chandragiri Master File'!U13)+2 -> 4.1819579 | T13: =LOG('Usnea Chandragiri Master File'!V13)+2 -> 3.9049318 | U13: =LOG('Usnea Chandragiri Master File'!W13)+2 -> 1.9542425
... A41: =LOG('Usnea Chandragiri Master File'!A41)+2 -> 3.6869936 | B41: =LOG('Usnea Chandragiri Master File'!B41)+2 -> 1.7084209 | C41: =LOG('Usnea Chandragiri Master File'!C41)+2 -> 3.6848454 | D41: =LOG('Usnea Chandragiri Master File'!D41)+2 -> 4.4110907 | E41: =LOG('Usnea Chandragiri Master File'!E41)+2 -> 4.8825302 | F41: =LOG('Usnea Chandragiri Master File'!F41)+2 -> 3.9215304 | G41: =LOG('Usnea Chandragiri Master File'!G41)+2 -> 5.261034 | H41: =LOG('Usnea Chandragiri Master File'!H41)+2 -> 3.369965 | I41: =LOG('Usnea Chandragiri Master File'!I41)+2 -> 3.8365096 | J41: 0 | K41: =LOG('Usnea Chandragiri Master File'!K41)+2 -> 2.3789427 | L41: =LOG('Usnea Chandragiri Master File'!L41)+2 -> 2.8130069 | M41: =LOG('Usnea Chandragiri Master File'!M41)+2 -> 3.4052456 | N41: =LOG('Usnea Chandragiri Master File'!N41)+2 -> 2.1366889 | O41: =LOG('Usnea Chandragiri Master File'!O41)+2 -> 3.4955443 | P41: =LOG('Usnea Chandragiri Master File'!R41)+2 -> 3.5847495 | Q41: =LOG('Usnea Chandragiri Master File'!S41)+2 -> 2.0827854 | R41: =LOG('Usnea Chandragiri Master File'!T41)+2 -> 1.8506462 | S41: =LOG('Usnea Chandragiri Master File'!U41)+2 -> 4.1353235 | T41: =LOG('Usnea Chandragiri Master File'!V41)+2 -> 3.8518171 | U41: =LOG('Usnea Chandragiri Master File'!W41)+2 -> 1.1928461
A42: =LOG('Usnea Chandragiri Master File'!A42)+2 -> 3.7044937 | B42: =LOG('Usnea Chandragiri Master File'!B42)+2 -> 1.6981005 | C42: =LOG('Usnea Chandragiri Master File'!C42)+2 -> 3.6905505 | D42: =LOG('Usnea Chandragiri Master File'!D42)+2 -> 4.4363047 | E42: =LOG('Usnea Chandragiri Master File'!E42)+2 -> 4.8313359 | F42: =LOG('Usnea Chandragiri Master File'!F42)+2 -> 3.8962859 | G42: =LOG('Usnea Chandragiri Master File'!G42)+2 -> 5.2235923 | H42: =LOG('Usnea Chandragiri Master File'!H42)+2 -> 3.4803764 | I42: =LOG('Usnea Chandragiri Master File'!I42)+2 -> 3.5512743 | J42: 0 | K42: =LOG('Usnea Chandragiri Master File'!K42)+2 -> 2.3209559 | L42: =LOG('Usnea Chandragiri Master File'!L42)+2 -> 2.8989225 | M42: =LOG('Usnea Chandragiri Master File'!M42)+2 -> 3.4400065 | N42: =LOG('Usnea Chandragiri Master File'!N42)+2 -> 2.1841234 | O42: =LOG('Usnea Chandragiri Master File'!O42)+2 -> 3.4885507 | P42: =LOG('Usnea Chandragiri Master File'!R42)+2 -> 3.6051973 | Q42: =LOG('Usnea Chandragiri Master File'!S42)+2 -> 2.0799045 | R42: 1.851 | S42: =LOG('Usnea Chandragiri Master File'!U42)+2 -> 4.1233289 | T42: =LOG('Usnea Chandragiri Master File'!V42)+2 -> 3.8624975 | U42: =LOG('Usnea Chandragiri Master File'!W42)+2 -> 1.3184807
A43: =LOG('Usnea Chandragiri Master File'!A43)+2 -> 3.7048366 | B43: =LOG('Usnea Chandragiri Master File'!B43)+2 -> 1.7168377 | C43: =LOG('Usnea Chandragiri Master File'!C43)+2 -> 3.6905505 | D43: =LOG('Usnea Chandragiri Master File'!D43)+2 -> 4.4327176 | E43: =LOG('Usnea Chandragiri Master File'!E43)+2 -> 4.8322563 | F43: =LOG('Usnea Chandragiri Master File'!F43)+2 -> 3.9824503 | G43: =LOG('Usnea Chandragiri Master File'!G43)+2 -> 5.261034 | H43: =LOG('Usnea Chandragiri Master File'!H43)+2 -> 3.4714223 | I43: =LOG('Usnea Chandragiri Master File'!I43)+2 -> 3.5238362 | J43: 0 | K43: =LOG('Usnea Chandragiri Master File'!K43)+2 -> 2.3789427 | L43: =LOG('Usnea Chandragiri Master File'!L43)+2 -> 2.8393398 | M43: =LOG('Usnea Chandragiri Master File'!M43)+2 -> 3.3260633 | N43: =LOG('Usnea Chandragiri Master File'!N43)+2 -> 2.2268833 | O43: =LOG('Usnea Chandragiri Master File'!O43)+2 -> 3.4857214 | P43: =LOG('Usnea Chandragiri Master File'!R43)+2 -> 3.6006244 | Q43: =LOG('Usnea Chandragiri Master File'!S43)+2 -> 2.1172713 | R43: =LOG('Usnea Chandragiri Master File'!T43)+2 -> 1.8438554 | S43: =LOG('Usnea Chandragiri Master File'!U43)+2 -> 4.1323558 | T43: =LOG('Usnea Chandragiri Master File'!V43)+2 -> 3.8624975 | U43: =LOG('Usnea Chandragiri Master File'!W43)+2 -> 1.2276296
A44: =LOG('Usnea Chandragiri Master File'!A44)+2 -> 3.7343197 | B44: =LOG('Usnea Chandragiri Master File'!B44)+2 -> 1.6637009 | C44: =LOG('Usnea Chandragiri Master File'!C44)+2 -> 3.7160033 | D44: =LOG('Usnea Chandragiri Master File'!D44)+2 -> 4.500252 | E44: =LOG('Usnea Chandragiri Master File'!E44)+2 -> 4.8579871 | F44: =LOG('Usnea Chandragiri Master File'!F44)+2 -> 4.0421043 | G44: =LOG('Usnea Chandragiri Master File'!G44)+2 -> 5.4213216 | H44: =LOG('Usnea Chandragiri Master File'!H44)+2 -> 3.4803764 | I44: =LOG('Usnea Chandragiri Master File'!I44)+2 -> 3.4173803 | J44: 0 | K44: =LOG('Usnea Chandragiri Master File'!K44)+2 -> 2.47586 | L44: =LOG('Usnea Chandragiri Master File'!L44)+2 -> 2.262095 | M44: =LOG('Usnea Chandragiri Master File'!M44)+2 -> 3.4400065 | N44: =LOG('Usnea Chandragiri Master File'!N44)+2 -> 1.8978469 | O44: =LOG('Usnea Chandragiri Master File'!O44)+2 -> 3.4899585 | P44: =LOG('Usnea Chandragiri Master File'!R44)+2 -> 3.5724417 | Q44: =LOG('Usnea Chandragiri Master File'!S44)+2 -> 2.0305997 | R44: =LOG('Usnea Chandragiri Master File'!T44)+2 -> 1.8512583 | S44: =LOG('Usnea Chandragiri Master File'!U44)+2 -> 4.2497852 | T44: =LOG('Usnea Chandragiri Master File'!V44)+2 -> 3.8963118 | U44: =LOG('Usnea Chandragiri Master File'!W44)+2 -> 1.3184807
A45: =LOG('Usnea Chandragiri Master File'!A45)+2 -> 3.7330367 | B45: =LOG('Usnea Chandragiri Master File'!B45)+2 -> 1.6766936 | C45: =LOG('Usnea Chandragiri Master File'!C45)+2 -> 3.714665 | D45: =LOG('Usnea Chandragiri Master File'!D45)+2 -> 4.4610999 | E45: =LOG('Usnea Chandragiri Master File'!E45)+2 -> 4.797851 | F45: =LOG('Usnea Chandragiri Master File'!F45)+2 -> 4.0421043 | G45: =LOG('Usnea Chandragiri Master File'!G45)+2 -> 5.4202649 | H45: =LOG('Usnea Chandragiri Master File'!H45)+2 -> 3.4481929 | I45: =LOG('Usnea Chandragiri Master File'!I45)+2 -> 3.4113065 | J45: 0 | K45: =LOG('Usnea Chandragiri Master File'!K45)+2 -> 2.47586 | L45: =LOG('Usnea Chandragiri Master File'!L45)+2 -> 2.262095 | M45: =LOG('Usnea Chandragiri Master File'!M45)+2 -> 3.3260633 | N45: =LOG('Usnea Chandragiri Master File'!N45)+2 -> 1.9258276 | O45: =LOG('Usnea Chandragiri Master File'!O45)+2 -> 3.50515 | P45: =LOG('Usnea Chandragiri Master File'!R45)+2 -> 3.5923877 | Q45: =LOG('Usnea Chandragiri Master File'!S45)+2 -> 2.0281644 | R45: =LOG('Usnea Chandragiri Master File'!T45)+2 -> 1.8506462 | S45: =LOG('Usnea Chandragiri Master File'!U45)+2 -> 4.2421437 | T45: =LOG('Usnea Chandragiri Master File'!V45)+2 -> 3.8897559 | U45: =LOG('Usnea Chandragiri Master File'!W45)+2 -> 1.5300716
A46: =LOG('Usnea Chandragiri Master File'!A46)+2 -> 3.7163373 | B46: =LOG('Usnea Chandragiri Master File'!B46)+2 -> 1.6803355 | C46: =LOG('Usnea Chandragiri Master File'!C46)+2 -> 3.7126497 | D46: =LOG('Usnea Chandragiri Master File'!D46)+2 -> 4.4579554 | E46: =LOG('Usnea Chandragiri Master File'!E46)+2 -> 4.8174884 | F46: =LOG('Usnea Chandragiri Master File'!F46)+2 -> 4.0855332 | G46: =LOG('Usnea Chandragiri Master File'!G46)+2 -> 5.4229018 | H46: =LOG('Usnea Chandragiri Master File'!H46)+2 -> 3.5144574 | I46: =LOG('Usnea Chandragiri Master File'!I46)+2 -> 3.4173803 | J46: 0 | K46: =LOG('Usnea Chandragiri Master File'!K46)+2 -> 2.4670751 | L46: =LOG('Usnea Chandragiri Master File'!L46)+2 -> 2.3078596 | M46: =LOG('Usnea Chandragiri Master File'!M46)+2 -> 3.3472539 | N46: =LOG('Usnea Chandragiri Master File'!N46)+2 -> 1.8678798 | O46: =LOG('Usnea Chandragiri Master File'!O46)+2 -> 3.4996871 | P46: =LOG('Usnea Chandragiri Master File'!R46)+2 -> 3.5954521 | Q46: =LOG('Usnea Chandragiri Master File'!S46)+2 -> 2.0310043 | R46: =LOG('Usnea Chandragiri Master File'!T46)+2 -> 1.845098 | S46: =LOG('Usnea Chandragiri Master File'!U46)+2 -> 4.2444503 | T46: =LOG('Usnea Chandragiri Master File'!V46)+2 -> 3.8847738 | U46: =LOG('Usnea Chandragiri Master File'!W46)+2 -> 1.5624118
A47: =LOG('Usnea Chandragiri Master File'!A47)+2 -> 4.3287872 | B47: =LOG('Usnea Chandragiri Master File'!B47)+2 -> 1.9025468 | C47: =LOG('Usnea Chandragiri Master File'!C47)+2 -> 3.9637878 | D47: =LOG('Usnea Chandragiri Master File'!D47)+2 -> 4.6856396 | E47: =LOG('Usnea Chandragiri Master File'!E47)+2 -> 4.5312055 | F47: =LOG('Usnea Chandragiri Master File'!F47)+2 -> 3.7702627 | G47: =LOG('Usnea Chandragiri Master File'!G47)+2 -> 5.6973728 | H47: =LOG('Usnea Chandragiri Master File'!H47)+2 -> 2.7195799 | ... O47: =LOG('Usnea Chandragiri Master File'!O47)+2 -> 4.1931246 | P47: =LOG('Usnea Chandragiri Master File'!R47)+2 -> 2.6846659 | Q47: =LOG('Usnea Chandragiri Master File'!S47)+2 -> 1.9684829 | R47: =LOG('Usnea Chandragiri Master File'!T47)+2 -> 0.8573325 | S47: =LOG('Usnea Chandragiri Master File'!U47)+2 -> 4.2176024 | T47: =LOG('Usnea Chandragiri Master File'!V47)+2 -> 3.4696306 | U47: =LOG('Usnea Chandragiri Master File'!W47)+2 -> 2.1989319
A48: =LOG('Usnea Chandragiri Master File'!A48)+2 -> 4.3384565 | B48: =LOG('Usnea Chandragiri Master File'!B48)+2 -> 1.9025468 | C48: =LOG('Usnea Chandragiri Master File'!C48)+2 -> 3.9858754 | D48: =LOG('Usnea Chandragiri Master File'!D48)+2 -> 4.6764897 | E48: =LOG('Usnea Chandragiri Master File'!E48)+2 -> 4.5253429 | F48: =LOG('Usnea Chandragiri Master File'!F48)+2 -> 3.7629635 | G48: =LOG('Usnea Chandragiri Master File'!G48)+2 -> 5.6934425 | H48: =LOG('Usnea Chandragiri Master File'!H48)+2 -> 2.7195799 | ... O48: =LOG('Usnea Chandragiri Master File'!O48)+2 -> 4.1889285 | P48: =LOG('Usnea Chandragiri Master File'!R48)+2 -> 2.6588696 | Q48: =LOG('Usnea Chandragiri Master File'!S48)+2 -> 1.9712758 | R48: =LOG('Usnea Chandragiri Master File'!T48)+2 -> 0.8920946 | S48: =LOG('Usnea Chandragiri Master File'!U48)+2 -> 4.2801001 | T48: =LOG('Usnea Chandragiri Master File'!V48)+2 -> 3.4789703 | U48: =LOG('Usnea Chandragiri Master File'!W48)+2 -> 2.2166936
A49: =LOG('Usnea Chandragiri Master File'!A49)+2 -> 4.3479152 | B49: =LOG('Usnea Chandragiri Master File'!B49)+2 -> 1.8709888 | C49: =LOG('Usnea Chandragiri Master File'!C49)+2 -> 3.9822712 | D49: =LOG('Usnea Chandragiri Master File'!D49)+2 -> 4.669089 | E49: =LOG('Usnea Chandragiri Master File'!E49)+2 -> 4.5205215 | F49: =LOG('Usnea Chandragiri Master File'!F49)+2 -> 3.7212746 | G49: =LOG('Usnea Chandragiri Master File'!G49)+2 -> 5.7100418 | H49: =LOG('Usnea Chandragiri Master File'!H49)+2 -> 2.6652056 | ... O49: =LOG('Usnea Chandragiri Master File'!O49)+2 -> 4.1958997 | P49: =LOG('Usnea Chandragiri Master File'!R49)+2 -> 2.7690818 | Q49: =LOG('Usnea Chandragiri Master File'!S49)+2 -> 1.9903389 | R49: =LOG('Usnea Chandragiri Master File'!T49)+2 -> -0.22184875 | S49: =LOG('Usnea Chandragiri Master File'!U49)+2 -> 4.2620926 | T49: =LOG('Usnea Chandragiri Master File'!V49)+2 -> 3.4789703 | U49: =LOG('Usnea Chandragiri Master File'!W49)+2 -> 2.1880844
A50: =LOG('Usnea Chandragiri Master File'!A50)+2 -> 4.3032825 | B50: =LOG('Usnea Chandragiri Master File'!B50)+2 -> 2.1550322 | C50: =LOG('Usnea Chandragiri Master File'!C50)+2 -> 4.1017471 | D50: =LOG('Usnea Chandragiri Master File'!D50)+2 -> 4.6041526 | E50: =LOG('Usnea Chandragiri Master File'!E50)+2 -> 4.8361411 | F50: =LOG('Usnea Chandragiri Master File'!F50)+2 -> 4.3917852 | G50: =LOG('Usnea Chandragiri Master File'!G50)+2 -> 6.2480182 | H50: =LOG('Usnea Chandragiri Master File'!H50)+2 -> 3.4803807 | ... O50: =LOG('Usnea Chandragiri Master File'!O50)+2 -> 4.209515 | P50: =LOG('Usnea Chandragiri Master File'!R50)+2 -> 2.6928469 | Q50: =LOG('Usnea Chandragiri Master File'!S50)+2 -> 1.8102325 | R50: =LOG('Usnea Chandragiri Master File'!T50)+2 -> 1.0086002 | S50: =LOG('Usnea Chandragiri Master File'!U50)+2 -> 4.0236392 | T50: =LOG('Usnea Chandragiri Master File'!V50)+2 -> 3.3509454 | U50: =LOG('Usnea Chandragiri Master File'!W50)+2 -> 2.1844075
A51: =LOG('Usnea Chandragiri Master File'!A51)+2 -> 4.3138672 | B51: =LOG('Usnea Chandragiri Master File'!B51)+2 -> 2.1601683 | C51: =LOG('Usnea Chandragiri Master File'!C51)+2 -> 4.0962146 | D51: =LOG('Usnea Chandragiri Master File'!D51)+2 -> 4.6354204 | E51: =LOG('Usnea Chandragiri Master File'!E51)+2 -> 4.8393743 | F51: =LOG('Usnea Chandragiri Master File'!F51)+2 -> 4.4067513 | G51: =LOG('Usnea Chandragiri Master File'!G51)+2 -> 6.2858788 | H51: =LOG('Usnea Chandragiri Master File'!H51)+2 -> 3.4714237 | ... O51: =LOG('Usnea Chandragiri Master File'!O51)+2 -> 4.209515 | P51: =LOG('Usnea Chandragiri Master File'!R51)+2 -> 2.6675463 | Q51: =LOG('Usnea Chandragiri Master File'!S51)+2 -> 1.9385197 | R51: =LOG('Usnea Chandragiri Master File'!T51)+2 -> 1.0253059 | S51: =LOG('Usnea Chandragiri Master File'!U51)+2 -> 4.0198015 | T51: =LOG('Usnea Chandragiri Master File'!V51)+2 -> 3.3509454 | U51: =LOG('Usnea Chandragiri Master File'!W51)+2 -> 2.2060159
A52: =LOG('Usnea Chandragiri Master File'!A52)+2 -> 4.3147097 | B52: =LOG('Usnea Chandragiri Master File'!B52)+2 -> 2.1658376 | C52: =LOG('Usnea Chandragiri Master File'!C52)+2 -> 4.0932816 | D52: =LOG('Usnea Chandragiri Master File'!D52)+2 -> 4.628919 | E52: =LOG('Usnea Chandragiri Master File'!E52)+2 -> 4.8389718 | F52: =LOG('Usnea Chandragiri Master File'!F52)+2 -> 4.4282741 | G52: =LOG('Usnea Chandragiri Master File'!G52)+2 -> 6.2786101 | H52: =LOG('Usnea Chandragiri Master File'!H52)+2 -> 3.4529359 | ... O52: =LOG('Usnea Chandragiri Master File'!O52)+2 -> 4.2111205 | P52: =LOG('Usnea Chandragiri Master File'!R52)+2 -> 2.7434314 | Q52: =LOG('Usnea Chandragiri Master File'!S52)+2 -> 1.9222063 | R52: =LOG('Usnea Chandragiri Master File'!T52)+2 -> 1.0211893 | S52: =LOG('Usnea Chandragiri Master File'!U52)+2 -> 4.0014308 | T52: =LOG('Usnea Chandragiri Master File'!V52)+2 -> 3.3446869 | U52: =LOG('Usnea Chandragiri Master File'!W52)+2 -> 2.2129862
A53: =LOG('Usnea Chandragiri Master File'!A53)+2 -> 4.2992893 | B53: =LOG('Usnea Chandragiri Master File'!B53)+2 -> 2.0216027 | C53: =LOG('Usnea Chandragiri Master File'!C53)+2 -> 3.965672 | D53: =LOG('Usnea Chandragiri Master File'!D53)+2 -> 4.7074995 | E53: =LOG('Usnea Chandragiri Master File'!E53)+2 -> 4.8623377 | F53: =LOG('Usnea Chandragiri Master File'!F53)+2 -> 4.5956891 | G53: =LOG('Usnea Chandragiri Master File'!G53)+2 -> 6.0371452 | H53: =LOG('Usnea Chandragiri Master File'!H53)+2 -> 3.1124039 | ... O53: =LOG('Usnea Chandragiri Master File'!O53)+2 -> 4.2579185 | P53: =LOG('Usnea Chandragiri Master File'!R53)+2 -> 2.732635 | Q53: =LOG('Usnea Chandragiri Master File'!S53)+2 -> 1.8859263 | R53: =LOG('Usnea Chandragiri Master File'!T53)+2 -> 0.44715803 | S53: =LOG('Usnea Chandragiri Master File'!U53)+2 -> 3.9157743 | T53: =LOG('Usnea Chandragiri Master File'!V53)+2 -> 2.9682494 | U53: =LOG('Usnea Chandragiri Master File'!W53)+2 -> 2.320354
A54: =LOG('Usnea Chandragiri Master File'!A54)+2 -> 4.3121774 | B54: =LOG('Usnea Chandragiri Master File'!B54)+2 -> 2.0038912 | C54: =LOG('Usnea Chandragiri Master File'!C54)+2 -> 3.9694159 | D54: =LOG('Usnea Chandragiri Master File'!D54)+2 -> 4.6923419 | E54: =LOG('Usnea Chandragiri Master File'!E54)+2 -> 4.8657203 | F54: =LOG('Usnea Chandragiri Master File'!F54)+2 -> 4.5702919 | G54: =LOG('Usnea Chandragiri Master File'!G54)+2 -> 6.0287571 | H54: =LOG('Usnea Chandragiri Master File'!H54)+2 -> 3.1423582 | ... O54: =LOG('Usnea Chandragiri Master File'!O54)+2 -> 4.2552725 | P54: =LOG('Usnea Chandragiri Master File'!R54)+2 -> 2.7518947 | Q54: =LOG('Usnea Chandragiri Master File'!S54)+2 -> 1.9057959 | R54: =LOG('Usnea Chandragiri Master File'!T54)+2 -> 0.32221929 | S54: =LOG('Usnea Chandragiri Master File'!U54)+2 -> 3.9716098 | T54: =LOG('Usnea Chandragiri Master File'!V54)+2 -> 3.0499154 | U54: =LOG('Usnea Chandragiri Master File'!W54)+2 -> 2.3094172
A55: =LOG('Usnea Chandragiri Master File'!A55)+2 -> 4.2878017 | B55: =LOG('Usnea Chandragiri Master File'!B55)+2 -> 2.0330214 | C55: =LOG('Usnea Chandragiri Master File'!C55)+2 -> 3.9858754 | D55: =LOG('Usnea Chandragiri Master File'!D55)+2 -> 4.6904982 | E55: =LOG('Usnea Chandragiri Master File'!E55)+2 -> 4.8672335 | F55: =LOG('Usnea Chandragiri Master File'!F55)+2 -> 4.5584313 | G55: =LOG('Usnea Chandragiri Master File'!G55)+2 -> 6.0240408 | H55: =LOG('Usnea Chandragiri Master File'!H55)+2 -> 3.1019532 | ... O55: =LOG('Usnea Chandragiri Master File'!O55)+2 -> 4.2624511 | P55: =LOG('Usnea Chandragiri Master File'!R55)+2 -> 2.7988577 | Q55: =LOG('Usnea Chandragiri Master File'!S55)+2 -> 1.8698182 | R55: =LOG('Usnea Chandragiri Master File'!T55)+2 -> 0.74818803 | S55: =LOG('Usnea Chandragiri Master File'!U55)+2 -> 3.9773165 | T55: =LOG('Usnea Chandragiri Master File'!V55)+2 -> 3.1291096 | U55: =LOG('Usnea Chandragiri Master File'!W55)+2 -> 2.3121774
A56: =LOG('Usnea Chandragiri Master File'!A56)+2 -> 4.3780343 | B56: =LOG('Usnea Chandragiri Master File'!B56)+2 -> 2.1149444 | C56: =LOG('Usnea Chandragiri Master File'!C56)+2 -> 4.1231981 | D56: =LOG('Usnea Chandragiri Master File'!D56)+2 -> 4.5544286 | E56: =LOG('Usnea Chandragiri Master File'!E56)+2 -> 4.9889948 | F56: =LOG('Usnea Chandragiri Master File'!F56)+2 -> 4.8755457 | G56: =LOG('Usnea Chandragiri Master File'!G56)+2 -> 6.3798234 | H56: =LOG('Usnea Chandragiri Master File'!H56)+2 -> 3.5860582 | ... O56: =LOG('Usnea Chandragiri Master File'!O56)+2 -> 4.2469907 | P56: =LOG('Usnea Chandragiri Master File'!R56)+2 -> 3.2980667 | Q56: =LOG('Usnea Chandragiri Master File'!S56)+2 -> 1.9628427 | R56: =LOG('Usnea Chandragiri Master File'!T56)+2 -> 0.041392685 | S56: =LOG('Usnea Chandragiri Master File'!U56)+2 -> 3.9165855 | T56: =LOG('Usnea Chandragiri Master File'!V56)+2 -> 3.3744551 | U56: =LOG('Usnea Chandragiri Master File'!W56)+2 -> 2.3121774
A57: =LOG('Usnea Chandragiri Master File'!A57)+2 -> 4.3617278 | B57: =LOG('Usnea Chandragiri Master File'!B57)+2 -> 2.1007151 | C57: =LOG('Usnea Chandragiri Master File'!C57)+2 -> 4.1271048 | D57: =LOG('Usnea Chandragiri Master File'!D57)+2 -> 4.5061585 | E57: =LOG('Usnea Chandragiri Master File'!E57)+2 -> 4.980769 | F57: =LOG('Usnea Chandragiri Master File'!F57)+2 -> 4.8642678 | G57: =LOG('Usnea Chandragiri Master File'!G57)+2 -> 6.3857056 | H57: =LOG('Usnea Chandragiri Master File'!H57)+2 -> 3.6383694 | ... O57: =LOG('Usnea Chandragiri Master File'!O57)+2 -> 4.252853 | P57: =LOG('Usnea Chandragiri Master File'!R57)+2 -> 3.2973227 | Q57: =LOG('Usnea Chandragiri Master File'!S57)+2 -> 1.9609462 | R57: =LOG('Usnea Chandragiri Master File'!T57)+2 -> 0.30103 | S57: =LOG('Usnea Chandragiri Master File'!U57)+2 -> 3.8656428 | T57: =LOG('Usnea Chandragiri Master File'!V57)+2 -> 3.3744551 | U57: =LOG('Usnea Chandragiri Master File'!W57)+2 -> 2.3441957
A58: =LOG('Usnea Chandragiri Master File'!A58)+2 -> 4.3909351 | B58: =LOG('Usnea Chandragiri Master File'!B58)+2 -> 2.1102529 | C58: =LOG('Usnea Chandragiri Master File'!C58)+2 -> 4.1245042 | D58: =LOG('Usnea Chandragiri Master File'!D58)+2 -> 4.5345401 | E58: =LOG('Usnea Chandragiri Master File'!E58)+2 -> 4.9859086 | F58: =LOG('Usnea Chandragiri Master File'!F58)+2 -> 4.8700584 | G58: =LOG('Usnea Chandragiri Master File'!G58)+2 -> 6.3889015 | H58: =LOG('Usnea Chandragiri Master File'!H58)+2 -> 3.6194899 | ... O58: =LOG('Usnea Chandragiri Master File'!O58)+2 -> 4.2452658 | P58: =LOG('Usnea Chandragiri Master File'!R58)+2 -> 3.2866361 | Q58: =LOG('Usnea Chandragiri Master File'!S58)+2 -> 1.9449759 | R58: =LOG('Usnea Chandragiri Master File'!T58)+2 -> 0.50514998 | S58: =LOG('Usnea Chandragiri Master File'!U58)+2 -> 3.8573204 | T58: =LOG('Usnea Chandragiri Master File'!V58)+2 -> 3.3797767 | U58: =LOG('Usnea Chandragiri Master File'!W58)+2 -> 2.3692159
... A91: =LOG('Usnea Chandragiri Master File'!A91)+2 -> 3.9417101 | B91: =LOG('Usnea Chandragiri Master File'!B91)+2 -> 1.8796692 | C91: =LOG('Usnea Chandragiri Master File'!C91)+2 -> 3.94389 | D91: =LOG('Usnea Chandragiri Master File'!D91)+2 -> 4.5061585 | E91: =LOG('Usnea Chandragiri Master File'!E91)+2 -> 4.7256511 | F91: =LOG('Usnea Chandragiri Master File'!F91)+2 -> 4.4126722 | G91: =LOG('Usnea Chandragiri Master File'!G91)+2 -> 5.8093339 | H91: =LOG('Usnea Chandragiri Master File'!H91)+2 -> 3.2815333 | ... O91: =LOG('Usnea Chandragiri Master File'!O91)+2 -> 4.10721 | P91: =LOG('Usnea Chandragiri Master File'!R91)+2 -> 3.4820013 | Q91: =LOG('Usnea Chandragiri Master File'!S91)+2 -> 1.9781805 | R91: =LOG('Usnea Chandragiri Master File'!T91)+2 -> 1.647383 | S91: =LOG('Usnea Chandragiri Master File'!U91)+2 -> 3.8782862 | T91: =LOG('Usnea Chandragiri Master File'!V91)+2 -> 3.7148576 | U91: =LOG('Usnea Chandragiri Master File'!W91)+2 -> 1.9222063
